binomial,description
Agkistrodon contortrix,"The eastern copperhead (Agkistrodon contortrix), also known simply as the copperhead, is a widespread species of venomous snake, a pit viper, endemic to eastern United States of America; it is a member of the subfamily Crotalinae in the family Viperidae. The eastern copperhead has distinctive, dark brown, hourglass-shaped markings, overlaid on a light reddish brown or brown/gray background. The body type is heavy, rather than slender. Neonates are born with green or yellow tail tips, which progress to a darker brown or black within one year. Adults grow to a typical length (including tail) of 50–95 cm (20–37 in)."
Agkistrodon piscivorus,No description found
Ahaetulla nasuta,"Dryophis nasutaDryophis rhodonotus Ahaetulla nasuta, also known as Sri Lankan green vine snake, long-nosed whip snake, and long-nosed tree snake, is a venomous, slender green tree snake endemic to Sri Lanka. It was previously known as the common green vine snake and was widely distributed across India and South East Asia, until a 2020 study split them into several different species, restricting Ahaetulla nasuta just to the Sri Lankan population."
Ahaetulla prasina,"Dryophis prasinus Boie, 1827 Ahaetulla prasina is an arboreal, moderately venomous species of opisthoglyphous vine snake in the family Colubridae, found in Southern and Southeast Asia. Its common names include the Asian vine snake, Boie's whip snake, Gunther's whip snake, and the Oriental whip snake (Tagalog: puno ng ubas ahas; Thai: งูเขียวหัวจิ้งจก; Indonesian: ular anggur)."
Arizona elegans,"Arizona elegans is a species of medium-sized colubrid snake commonly referred to as the glossy snake or the faded snake, which is native to southwestern United States and northern Mexico. It has several subspecies. Some have recommended that A. elegans occidentalis be granted full species status. Subspecies of Arizona elegans include:"
Aspidites melanocephalus,"The black-headed python (Aspidites melanocephalus) is a species of snake in the family Pythonidae (the python family). The species is endemic to Australia. There are no subspecies that are recognized as being valid. Adults of A. melanocephalus typically grow to 1.5–2 m (4.9–6.6 ft) in length (including tail), but can grow to a maximum length of 3.5 m (11 ft). The body is muscular with a flattened profile, while the tail tapers to a thin point."
Atractus crassicaudatus,"Rabdosoma crassicaudatum A.M.C. Duméril, Bibron & A. Duméril, 1854 The thickhead ground snake (Atractus crassicaudatus) is a nonvenomous colubrid snake species, with no recognized subspecies, endemic to central Colombia."
Austrelaps superbus,"Hoplocephalus superbus Günther, 1858Denisonia superba – Boulenger, 1896 The lowland copperhead or lowlands copperhead (Austrelaps superbus) is a venomous snake species in the family Elapidae, found in southeastern Australia, including Tasmania. It is commonly referred to as the copperhead, but is not closely related to the American copperhead, Agkistrodon contortrix.  If provoked, the lowland copperhead is a dangerous snake with neurotoxic venom, which can kill an adult human if correct first aid is not applied promptly."
Bitis arietans,No description found
Bitis gabonica,No description found
Boa constrictor,"The boa constrictor (scientific name also Boa constrictor), also known as the common boa, is a species of large, non-venomous, heavy-bodied snake that is frequently kept and bred in captivity. The boa constrictor is a member of the family Boidae. The species is native to tropical South America. A staple of private collections and public displays, its color pattern is highly variable yet distinctive. Four subspecies are recognized. Though all boids are indeed constrictors, only Boa constrictor (and its subspecies) is commonly referred to, in English, as a boa constrictor—an example of a species being referred to colloquially using its scientific binomial name."
Bogertophis subocularis,"The Trans-Pecos rat snake or Davis Mountain rat snake (Bogertophis subocularis), is a species of medium to large, nonvenomous rat snake in the family Colubridae. Bogertophis subocularis is endemic to the Chihuahuan Desert. The Trans-Pecos rat snake is found in the Mexican states of Chihuahua, Coahuila, Durango, and Nuevo León, and its range extends northward into Texas and New Mexico in the United States."
Boiga irregularis,"Coluber irregularis Merrem, 1802Boiga irregularis Fitzinger, 1826Dipsas irregularis Boie, 1827Triglyphodon irregularis Duméril & Bibron, 1854Dipsadomorphus irregularis Boulenger, 1896 The brown tree snake (Boiga irregularis), also known as the brown catsnake, is an arboreal rear-fanged colubrid snake native to eastern and northern coastal Australia, eastern Indonesia (Sulawesi to Papua), Papua New Guinea, and many islands in northwestern Melanesia. The snake is slender, which facilitates climbing, and can reach up to 2 metres in length. Its coloration may also vary, some being brown, green, or even red. Brown tree snakes prey on a wide range of animals, from invertebrates to birds and even some small mammals. It is one of the very few colubrids found in Australia, where elapids are more common. Due to an accidental introduction after the events of World War II, this snake is now infamous for being an invasive species responsible for extirpating the majority of the native bird population in Guam. Currently, efforts are being made to reduce and control the population on Guam and prevent the snake from spreading to other locations. Researchers are employing various methods, including aerial baiting, to attempt to control the population, while multiple agencies continue to fund and support the species' removal."
Boiga kraepelini,"Boiga kraepelini, commonly known as the square-headed cat snake, Kelung cat snake, or Taiwanese tree snake, is a mildly venomous species of rear-fanged snake in the family Colubridae. The species is native to East Asia and Southeast Asia (Taiwan, China, Vietnam, and Laos). Its specific name, kraepelini, honours Karl Kraepelin, a German naturalist. The common name, Kelung cat snake, refers to its type locality, Keelung in northern Taiwan. B. kraepelini is a long and thin snake that can grow to a total length (including tail) of 160 cm (63 in). Its head and eyes are large with the head measuring twice the width of the neck. The pupils are cat-like, as is typical for its genus. The colouration of the upper surface of the body and tail is usually amber or brown to copper brown, with irregular brown to diffuse black cross bands along the vertebral line."
Bothriechis schlegelii,"Bothriechis schlegelii, known commonly as the highland eyelash-pitviper, Schlegel's eyelash-pitviper, eyelash viper or eyelash palm viper, is a species of pit viper in the family Viperidae, native to Colombia. Somewhat small, arboreal snakes, B. schlegelii is perhaps best known for the namesake superciliary (""eyelash"") scales above its eyes, and for having distinctly keeled or ""raised"" scales covering the bulk of its body. The species is also known for producing a veritable rainbow of color forms (morphs). It is the most common of the green palm-pitvipers (genus Bothriechis), and is often present in zoological exhibits, owing to its general hardiness. The specific name schlegelii honors Hermann Schlegel, who was a German ornithologist and herpetologist."
Bothrops asper,"The terciopelo (Bothrops asper) is a species of pit vipers, found from north-east Mexico to northern South America. At low to moderate elevations, its habitat ranges from northeastern Mexico to Colombian and Ecuadorian Andes, as well as Venezuela. With a mass of up to 6 kilograms (13 lb), and a maximal length of 2.5 metres (8.2 ft), the terciopelo is among the largest vipers. It is light to dark brown in color, often with yellowish, zig-zag patterning on either side of its body. Dubbed ""the ultimate pit-viper"" for its defensiveness, large size, fangs and potent venom yield, it has a fearsome reputation, responsible for the most envenomated snakebites within its range, largely due to its proximity to humans, livestock and pets. Nonetheless, like all venomous snakes, the terciopelo actively avoids contact with humans and other larger animals, with bites generally only occurring when the snake is cornered, pursued, or threatened. No subspecies are currently recognized. The generic name, Bothrops, comes from the Greek words bothros and ops, which mean 'pit' and 'face' (or 'eye'), respectively. This is a reference to these snakes' highly sensitive heat-detecting pit organs. The specific epithet, asper, which is a Latin word meaning 'rough' or 'harsh', may allude to the species' keeled dorsal scales."
Bothrops atrox,"Bothrops atrox — also known as the common lancehead, fer-de-lance, barba amarilla, and mapepire balsain — is a highly venomous pit viper species found in the tropical lowlands of northern South America east of the Andes, as well as the Caribbean island of Trinidad. No subspecies are currently recognized. The common lancehead was one of the many reptile and amphibian species described by Carl Linnaeus in the landmark 1758 10th edition of his Systema Naturae, where it was given the binomial name Coluber atrox. The taxonomy of this species is controversial; it may include B. leucurus and B. moojeni, and some of its populations are sometimes said to be separate species. B. asper was formerly included in this species, but most authorities now consider it distinct."
Bungarus multicinctus,No description found
Carphophis amoenus,"Carphophis amoenus, commonly known as the worm snake, is a species of nonvenomous colubrid snake endemic to the eastern United States. C. amoenus can be found east of the Mississippi, from southwest Massachusetts south to southern Alabama west to Louisiana and then north to Illinois. This species of snake protects a large range, and normally prefers a moist habitat in the rocky woodlands, under rotten wood of logs and stumps. Though this snake is quite abundant over its range, it is rarely seen because of its dormant lifestyle and where it usually resides. This snake is most common on the edges or in the ecotonal areas of open to thick woodlands, and the borders of wetlands. It may also be found in the grasslands next to woodlands. The best chance to spot it  is after heavy rains, when its small size and distinct color make it easy to spot.  This species prefers moist soil inhabited by earthworms, which are its main prey, so the soil needs to be sufficiently moist. The snake's skin naturally evaporates water; so the soil needs to be moist enough to offset this. C. amoenus is mostly found under rocks and in sufficient leaf litter during the extreme daytime heat. Peak activity falls between 15:00 to 18:00. The worm snake is a small snake.  Adults are 19–28 cm (7.5–11.0 in) in total length, record  34 cm (13 in) . It is brown dorsally, and bright pink ventrally, with the belly color including one or two dorsal scale rows. The dorsal scales are smooth, in 13 rows. It has five upper labials and one postocular. C. amoenus coloration is unpatterned and can be tan to dark brown in color; it has a pointed head, and small, black eyes. It has pinkish ventral pigmentation which extends dorsally onto dorsal scale rows one to two. The tail is short in comparison with its body and ends in an abrupt, spine-like scale. Females are longer than males, but have shorter tails. The head is small, conical and no wider than the neck. Other small, unpatterned brownish snakes, such as earth snakes (genus Virginia) and red-bellied snakes (Storeria occipitomaculata), have keeled body scales and lack the spine-tipped tail. Other ways to distinguish between C. amoenus and other species are that the body scales usually occur in 13 rows and are smooth and pitless, and the anal plate is split.  Another snake commonly confused with  C. amoenus is the western worm snake (Carphophis vermis), which used to be considered a subspecies of C. amoenus, and has the slight ventral pigmentation extending onto the third body scale row, and a dark gray or gray-violet dorsum. The southeastern crowned snake (Tantilla coronata) has 15 midbody scale rows, a dark head, and a dark collar."
Carphophis vermis,"Carphophis vermis (common name western worm snake) is a species of small, nonvenomous colubrid snake native to the United States. The specific name, vermis, is Latin for ""worm""."
Causus rhombeatus,"Causus rhombeatus, commonly known as the rhombic night adder, is a species of venomous snake in the subfamily Viperinae of the family Viperidae. The species is native to Sub-Saharan Africa. No subspecies are recognized as being valid. With an average total length (tail included) of 60 cm (24 in), C. rhombeatus is the largest member of the genus Causus. The longest individual ever recorded was a male, 93 cm (37 in) in total length, collected in eastern Zimbabwe."
Cemophora coccinea,"Cemophora coccinea, commonly known as the scarlet snake, is a species of nonvenomous snake in the subfamily Colubrinae of the family Colubridae. The species is native to the southeastern United States. There are two subspecies of C. coccinea that are recognized as being valid. The Texas scarlet snake (C. lineri) was previously considered a subspecies. The scarlet snake is relatively small, semi fossorial habitat specialists from southeastern United States, growing to a total length (tail included) of 14–26 inches (36–66 cm) at adult size. The dorsal pattern consists of a light gray ground color, with a series of black-bordered red, white or yellow blotches down the back. The belly is either a uniform light gray or white color. The dorsal blotches can extend down the sides of the body, appearing somewhat like banding or rings, which sometimes leads to confusion with other sympatric species such as the venomous coral snakes or the harmless scarlet king snake. The similar pattern exhibited by these three snakes is a form of mimicry known as batesian mimicry. This is a phenomenon in which members of a palatable species gain protection from predation by resembling or mimicking the defensive signaling of an unpalatable or defended species."
Charina bottae,"The rubber boa (Charina bottae) is a species of snake in the family Boidae and is native to western North America. It is sometimes known as the coastal rubber boa or the northern rubber boa and is not to be confused with the southern rubber boa (Charina umbratica). Henri Marie Ducrotay de Blainville described the rubber boa in 1835. The generic name Charina is from the Ancient Greek ""graceful"" or ""delightful"", and the specific name bottae honors Dr. Paolo E. Botta, an Italian ship's surgeon, explorer, and naturalist."
Chrysopelea ornata,"Chrysopelea ornata (Thai:  งูเขียวพระอินทร์) is a species of mildly venomous opisthoglyphous (rear-fanged) colubrid snake found in both South Asia and Southeast Asia. It is commonly known as the golden tree snake, ornate flying snake, and golden flying snake. Along with the other species in the genus Chrysopelea, the golden tree snake is unusual, as it is capable of a type of gliding ""flight"" (more of a controlled ""throwing"" or ""falling"") — mainly utilised during the pursuit of prey animals — from tree-to-tree. This action is also used to great effect for the snake to flee its own potential predators (such as birds or other reptiles). Currently, three subspecies are recognised. The snake's striking looks, and potential for gliding, have made it a coveted choice for captivity. The species name ornata is Latin for ""decorated or ""ornamented"", in reference to the ornate coloration."
Clonophis kirtlandii,"Kirtland's snake (Clonophis kirtlandii) is a threatened or endangered (depending on location) North American species of nonvenomous snake of the subfamily Natricinae, of the family Colubridae. It is the only species in the genus Clonophis. The specific name, kirtlandii, is in honor of Dr. Jared Potter Kirtland, an American naturalist of the nineteenth century. The snake was first identified by Robert Kennicott in 1855. Kennicott sent a specimen to Spencer Fullerton Baird, the assistant secretary of the Smithsonian Institution, who offered to publish a description of the animal in Kennicott's name. Baird suggested Regina kirtlandii as a scientific name, as Kirtland had been a mentor to Kennicott."
Contia tenuis,"The sharp-tailed snake or sharptail snake (Contia tenuis) is a small species of nonvenomous snake in the family Colubridae. The species is endemic to the Western United States and British Columbia. Additional common names for C. tenuis include brown snake, gentle brown snake, Oregon worm snake, Pacific brown snake, Pacific ground snake, and purple-tailed snake."
Corallus caninus,"The emerald tree boa (Corallus caninus) is a boa species found in the rainforests of South America. Since 2009, the species Corallus batesii has been distinguished from the emerald tree boa. Like all other boas, it is nonvenomous. Trade of the species is controlled internationally under CITES Appendix II. Adults grow to about 6 feet (1.8 m) in length. They have highly developed front teeth that are likely proportionately larger than those of any other non-venomous snake."
Corallus hortulanus,"Corallus hortulana, previously known as Corallus hortulanus, and commonly known as the Amazon tree boa, common tree boa, garden tree boa, and macabrel, is a boa species found in South America. Previously, there were two recognized subspecies, Corallus hortulanus hortulanus, and Corallus hortulanus cooki, though the species has undergone taxonomic revision and has been broken up into several species.  It is primarily nocturnal and arboreal, though it has been observed feeding and reproducing on the ground.  Like all boas, it is non-venomous. Adults grow to an average of 5 and 6.5 feet (1.5–2 m). This species exhibits an array of colors and patterns. The basic color can be anywhere from black, brown, or gray, to any shade of red, orange, yellow, or many colors in between. The head generally has five dark stripes that extend from the eyes.  The eyes can be yellowish, grayish, or reddish, and they have a reflective membrane that results in eyeshine at night. Some are patternless, while others may be speckled, banded, or saddled with rhomboid or chevron shapes. Some reds will have yellow patterns, some yellows red or orange patterns.  ""The tongue is black. Males and females are similar in size and markings. They range from 525 to 1880 mm in length, usually from 1200 to 1500 mm.""   Like all other boas they have a pair of anal spurs that extend from the cloaca, which are small, claw-like remnants of vestigial hindlimbs."
Coronella girondica,"Coronella girondica, commonly known as the southern smooth snake or Riccioli's snake, is a species of harmless snake in the family Colubridae. The species is endemic to southern Europe and northern Africa. No subspecies are recognized as being valid. C. girondica is found in Spain, Portugal, southern France, Monaco, Italy, Morocco, Algeria, and Tunisia. The type locality given is Bordeaux, France."
Crotalus adamanteus,"The eastern diamondback rattlesnake (Crotalus adamanteus) is a species of pit viper in the family Viperidae. The species is endemic to the Southeastern United States. It is the largest rattlesnake species and one of the heaviest venomous snakes in the Americas. No subspecies are recognized. The eastern diamondback rattlesnake is the largest rattlesnake species and is one of the heaviest known species of venomous snake, with one specimen shot in 1946 measuring 2.4 m (7.8 ft) in length and weighing 15.4 kg (34 lb). However, other venomous snakes may rival this species in weight such as the much longer but more slender king cobra and the shorter but even bulkier Gaboon viper. Maximum reported lengths for the eastern diamondback rattlesnake are 2.4 m (8 ft) and 2.5 m (8.25 ft). However, the stated maximum sizes have been called into question due to a lack of voucher specimens. Demonstrating rare reverse sexual size dimorphism, males are typically larger than females."
Crotalus atrox,"The western diamondback rattlesnake (Crotalus atrox) or western diamond-backed rattlesnake, is a rattlesnake species and member of the viper family, found in the southwestern United States and Mexico. Like all other rattlesnakes and all other vipers, it is venomous. It is likely responsible for the majority of snakebite fatalities in northern Mexico and the greatest number of snakebites in the U.S. No subspecies are currently recognized. It lives in elevations from below sea level up to 6,500 feet (2,000 m). This species ranges throughout the Southwestern United States and northern half of Mexico. Currently, western diamondback rattlesnakes are not threatened or endangered."
Crotalus cerastes,"Crotalus cerastes, also known commonly as the horned rattlesnake, the sidewinder, and the sidewinder rattlesnake, is a species of pit viper, a venomous snake in the subfamily Crotalinae of the family Viperidae. The species is native to desert regions of the Southwestern United States and adjacent northwestern Mexico. Three subspecies are recognized as being valid. A small species, adult specimens of Crotalus cerastes measure between 43 and 80 cm (17 and 31.5 in) in total length (tail included). The females are larger than the males, which is unique among United States rattlesnakes."
Crotalus cerberus,"Crotalus cerberus is a venomous pit viper species found in the southwestern United States. It is known as the Arizona black rattlesnake, black rattlesnake, and several other common names. According to Wright and Wright (1957), adults grow to an average length of 78–109 cm (31–43 in). Klauber (1997) reports the maximum length to be less at 1,032 mm (40+5⁄8 in), with the smallest gravid female measuring 701 mm (27+5⁄8 in). Hubbs and O'Connor (2012) list an adult size range of 812–1,219 mm (32.0–48.0 in)."
Crotalus lepidus,"Crotalus lepidus is a venomous pit viper species found in the southwestern United States and northern central Mexico. Four subspecies are currently recognized, including the nominate subspecies described here. This small species rarely exceeds 32 in (81.3 cm) in length. It has a large, rounded head, and fairly heavy body for its size, with eyes with vertical pupils. Like other rattlesnakes, its tail has a rattle, which is composed of keratin. Each time the snake sheds its skin, a new segment is added to the rattle. However, the rattle is fragile and may break off, and the frequency of shedding can vary. So, the snake's age cannot be determined by the number of segments or length of the rattle."
Crotalus molossus,"The black-tailed rattlesnake (Crotalus molossus) is a venomous pit viper species found in the southwestern United States and Mexico. Four subspecies are currently recognized, including the nominate subspecies described here. A 2012 revision  showed that eastern populations from Texas and central and eastern New Mexico form a distinct species separate from C. molossus: Crotalus ornatus Hallowell 1854."
Crotalus ornatus,"The black-tailed rattlesnake (Crotalus molossus) is a venomous pit viper species found in the southwestern United States and Mexico. Four subspecies are currently recognized, including the nominate subspecies described here. A 2012 revision  showed that eastern populations from Texas and central and eastern New Mexico form a distinct species separate from C. molossus: Crotalus ornatus Hallowell 1854."
Crotalus ruber,"Crotalus ruber is a venomous pit viper species found in southwestern California in the United States and Baja California in Mexico. Three subspecies are currently recognized, including the nominate subspecies described here. Common names include: red diamond rattlesnake, red rattlesnake, red diamond snake, red diamond-backed rattlesnake, red rattler, and western diamond rattlesnake. The form found on Cedros Island, previously described as C. exsul, was referred to as the Cedros Island diamond rattlesnake, or Cedros Island rattlesnake."
Crotalus scutulatus,"Crotalus scutulatus is species of rattlesnake, a venomous pitviper in the family Viperidae. The species is known commonly as the Mohave Rattlesnake. Other common English names include Mojave Rattlesnake  and, referring specifically to the nominate (northern) subspecies: Northern Mohave Rattlesnake and Mojave Green Rattlesnake, the latter name commonly shortened to the more colloquial ""Mojave green"". Campbell and Lamar (2004) supported the English name ""Mohave (Mojave) rattlesnake"" with some reluctance because so little of the snake's range lies within the Mojave Desert. The spelling of the English name with an ""h"" has been advocated by multiple authors in recent years for various reasons. The most recent iteration of standard English names for North American reptiles, endorsed by the major herpetological societies in the United States and Canada, concludes that spelling with either a ""j"" or an ""h"" is correct, based on ""whether the word is used in a Spanish or English context."" Thus, their standard English names list adopted the ""h"" spelling."
Crotalus stephensi,"Crotalus stephensi, also known as the Panamint Rattlesnake, is a venomous pitviper species found in central and southern Nevada and adjacent California. Other common names include Owens Valley rattlesnake and tiger rattlesnake (not to be confused with C. tigris). The specific name, stephensi, is in honor of Frank Stephens (1849–1937), curator emeritus of the San Diego Society of Natural History."
Crotalus tigris,"The tiger rattlesnake (Crotalus tigris) is a venomous pit viper species found in the southwestern United States and northwestern Mexico. No subspecies are currently recognized. The specific name tigris, (Latin for 'tiger'), refers to the many narrow dorsal crossbands, which create a pattern of vertical stripes when viewed from the side. American herpetologist Robert Kennicott described the tiger rattlesnake in 1859. Common names include tiger rattlesnake and tiger rattler."
Crotalus triseriatus,"Crotalus triseriatus is a venomous pit viper species found in Mexico. Two subspecies are currently recognized, including the nominate subspecies described here. Adult male specimens of C. triseriatus commonly grow to a total length (including tail) greater than 60 cm (24 in), with females somewhat smaller. The maximum recorded total length is 68.3 cm (26.9 in)."
Crotalus viridis,"The prairie rattlesnake or Great Plains rattlesnake (Crotalus viridis) is a venomous pit viper species native to the western United States, southwestern Canada, and northern Mexico. Currently, two subspecies are recognized, including the prairie rattlesnake (C. v. viridis), the nominate subspecies, and the Hopi rattlesnake (C. v. nuntius). The taxonomic history of this species is convoluted. Previously, seven other C. viridis subspecies were also recognized, including C. v. abyssus, C. v. caliginis, C. v. cerberus, C. v. concolor, C. v. helleri, C. v. lutosus, and C. v. oreganus In 2001, though, Ashton and de Queiroz described their analysis of the variation of mitochondrial DNA across the range of this species. Their results agreed broadly with those obtained by Pook et al. (2000). Two main clades were identified, east and west of the Rocky Mountains, which they argued were actually two different species:  C. viridis, including the conventional subspecies C. v. viridis and C. v. nuntius, and C. oreganus, including all the other traditional subspecies of C. viridis. The authors retained the names of the traditional subspecies, but emphasized the need for more work to be done on the systematics of C. oreganus."
Crotaphopeltis hotamboeia,"Crotaphopeltis hotamboeia, commonly known as the herald snake or the red-lipped snake, is a species of snake in the family Colubridae. The species is endemic to Sub-Saharan Africa. Crotaphopeltis hotamboeia can be identified by its olive green or grey body, multiple white speckles, distinctive black head, and red, yellow, white, or black upper lip. It can grow to an average total length (including tail) of 70 cm (28 in), but may reach up to 1 metre (39 inches) in total length."
Daboia russelii,No description found
Dendrelaphis pictus,"Dendrelaphis pictus, commonly known as either the common bronzeback, painted bronzeback, or  Indonesian bronzeback, is a species of colubrid snake found in Southeast Asia."
Dendrelaphis punctulatus,"Dendrelaphis punctulatus, also known commonly as the Australian tree snake, the common tree snake, and the green tree snake, is a species of slender, large-eyed, diurnal, non-venomous snake in the family Colubridae. The species is native to many parts of Australia, especially in the northern and eastern coastal areas, and to Papua New Guinea. It is an agile snake with a very slender body and tail and is also a strong swimmer, using the water for hunting and avoiding predation. The ventral body colour varies from golden yellow, to bright green, to olive-green, to black, sometimes even blue, while its back is typically dark in colour. It is frequently pale yellow on the throat and belly, but other pale colours have been noted. Blue flecks are present on the flanks. The eyes are large, with typically golden-coloured irises and large round pupils."
Dendroaspis polylepis,No description found
Diadophis punctatus,"Diadophis punctatus, commonly known as the ring-necked snake or ringneck snake, is a small, harmless species of colubrid snake found throughout much of the United States, as well as south in Central Mexico and as far north as Quebec, Canada. Ring-necked snakes are generally fossorial and somewhat secretive, by nature, and, as a nocturnal species, are rarely seen during the daytime. These snakes are believed to be fairly abundant throughout most of their range, though no scientific evaluation supports this hypothesis. Scientific research is lacking for the species, despite their apparently common status, and more in-depth investigations are greatly needed. It is the only species within the genus Diadophis and, currently, 14 subspecies are identified, though many herpetologists question the morphologically based classifications. The ring-necked snake is perhaps best known for its unique defensive posture: when threatened, it curls its tail into a tight coil, partially rolls onto its back, and shows its bright red-orange underside and ventral surface. In nature, vivid coloration on an animal generally serves as a warning to others that it is not afraid of delivering a dose of venom, or that it is poisonous if eaten; this ""false warning"" coloration is a form of mimicry, a survival adaptation in which a non-venomous species (i.e., the ring-necked snake) has evolved  brighter coloration, similar to truly venomous species, and used it to their advantage. Another example is seen in certain milksnakes and kingsnakes (Lampropeltis sp.) which have  red, yellow, white or black stripes, an adaptation meant to confuse predators by visually mimicking the venomous coral snakes (Elapidae) which share much of their range."
Drymarchon couperi,"The eastern indigo snake (Drymarchon couperi) is a species of large, non-venomous snake in the subfamily Colubrinae of the family Colubridae. Native to the southeastern United States, it is the longest native snake species in the country. The eastern indigo snake was first described by John Edwards Holbrook in 1842. For many years the genus Drymarchon was considered monotypic with one species, Drymarchon corais, with 12 subspecies, until the early 1990s when Drymarchon corais couperi was elevated to full species status according to the Society for the Study of Amphibians and Reptiles, in their official names list."
Elaphe dione,"Elaphe dione, commonly known as Dione's rat snake, the steppe rat snake, or the steppes rat snake, is a species of snake in the family Colubridae. The species is native to Asia and Eastern Europe. There are no subspecies that are recognized as being valid. A large specimen from Putyatin Island measured up to 90 cm (3.0 ft) in length. The specific name, dione, refers to the Greek mythological figure Dione who was the mother of Aphrodite."
Epicrates cenchria,"The rainbow boa (Epicrates cenchria) is a boa species endemic to Central and South America. A semi-arboreal species (not only do they climb in the wild but also proven in captivity), it is known for its attractive iridescent/holographic sheen caused by structural coloration. Five subspecies are currently recognized, including the nominate subspecies described here. The rainbow boa is found in lower Central America (Costa Rica and Panama), and farther south into South America. It occurs east of the Andes, roughly reaching northern Argentina (in the provinces Chaco, Córdoba, Corrientes, Formosa, Salta, Santiago del Estero and Tucumán)."
Eunectes murinus,"The green anaconda (Eunectes murinus), common anaconda, common water boa or sucuri, is a boa species found in South America. It is one of the longest and heaviest known extant snake species. Like all boas, it is a non-venomous constrictor. Green anacondas only have a lifespan of 10 years in the wild, although some specimens live longer when they are taken care of in captivity. Green anacondas live in tropical rainforests and tend to prefer shallow, slow-moving waters, such as streams, rivers and flooded grasslands. They spend most of their time in the water but are also found on land in thick vegetation."
Farancia abacura,"The mud snake (Farancia abacura) is a species of nonvenomous, semiaquatic, colubrid snake endemic to the southeastern United States. The mud snake usually grows to a total length (including tail) of 40 to 54 inches (1-1.4 m), with the record total length being slightly over 80 inches (2 m)."
Gonyosoma oxycephalum,"Elaphe oxycephala (Boie, 1827) Gonyosoma oxycephalum, known commonly as the arboreal ratsnake, the red-tailed green rat snake, and the red-tailed racer, is a species of snake in the family Colubridae. The species is endemic to Southeast Asia."
Hemorrhois hippocrepis,"The horseshoe whip snake (Hemorrhois hippocrepis) is a species of snake in the family Colubridae . The species is native to southwestern Europe and northern Africa. Adults of H. hippocrepis may attain a total length (including tail) of 1.5 m (5 feet). Its body is slender, and its head is wider than its neck. The eye is large, with a round pupil, and with a row of small scales below it. The smooth dorsal scales are arranged in 25-29 rows, and the ventrals number 220–258. Dorsally, it has a series of large spots which are either blackish or dark brown edged with black. There is a series of alternating smaller dark spots on each side. The lighter ground color between the spots may be yellowish, olive, or reddish. The dark spots are closely spaced, giving the appearance of a dark snake with a light pattern resembling a chain or a series of X's. There is a light horseshoe-shaped mark on the neck and back of head."
Heterodon nasicus,"The western hognose snake (Heterodon nasicus) is a species of snake in the family Colubridae. The species is endemic to North America. There are three subspecies that are recognized as being valid, including the nominotypical subspecies. The specific name, nasicus, is derived from the Latin nasus (""nose""), a reference to the snake's upturned snout."
Heterodon simus,"Heterodon simus, commonly known as the southern hog-nosed snake, is a harmless snake species endemic to the southeastern United States. No subspecies are currently recognized. Adults are 35.5–61 cm (14–24 inches) in total length. Stout with a wide neck and a sharply upturned snout, they usually have 25 rows of keeled dorsal scales at midbody."
Hierophis viridiflavus,"Coluber gyarosensis Mertens, 1968Hierophis gyarosensis (Mertens, 1968) The green whip snake or western whip snake (Hierophis viridiflavus) is a species of snake in the family Colubridae."
Hypsiglena torquata,"Hypsiglena torquata, the Sinaloan night snake, is a species of rear-fanged colubrid. It is endemic western Mexico. It is characterized by dark brown systematic blotches down its back and sides, a bar behind each eye, vertical pupils, and neck adornment. It is active in the twilight and at night. It is not dangerous to humans. Total length is 12–26 in (30–66 cm). It is pale gray, light brown, or beige in color, with dark grey or brown blotches on the back and sides. The night snake's head is rather flat and triangular-shaped and usually has a pair of dark brown blotches on the neck. It also has a black or dark brown bar behind the eyes that contrasts against the white or pale gray upper labial scales. It has prominent eyes with vertical pupils. The belly is white or yellowish. Females are usually longer and heavier than males. Although the night snake poses no threat to humans, it is slightly venomous and uses this venom to subdue its prey."
Imantodes cenchoa,"Imantodes cenchoa, also known commonly as the blunthead tree snake, the neotropical blunt-headed tree snake, and the fiddle-string snake, is a species of  mildly venomous, rear-fanged snake in the family Colubridae. The species is native to Mexico, Central America, and South America. The blunthead tree snake averages about 800 mm (31 in) in total length (including tail). Maximum total length is about 1.5 m (4 ft 11 in).
I. cenchoa is known for its long, slender body and very large head. The pupil of its eye is very distinct from other snakes. Most snakes found around the world are known to have very poor vision and rely mostly on smell and vibrations to detect signs of prey and predators. Arboreal snakes have much better vision than other snakes. The blunthead tree snake has a vertical slit for a pupil which allows the snake to look downward. This trait gives the blunthead tree snake an advantage over other snakes. The large eyes make up approximately 26% of its head."
Lampropeltis alterna,"The gray-banded kingsnake (Lampropeltis alterna), sometimes referred to as the alterna or the Davis Mountain king snake, is a species of nonvenomous snake in the family Colubridae. The species is endemic to the southwestern United States and adjacent Mexico. Some sources list two distinct subspecies of Lampropeltis alterna, as L. a. alterna and L. a. blairi differentiated by patterning and locale, but research has shown them to be color morphs of the same species. Arthur Erwin Brown described the species in 1901."
Lampropeltis calligaster,Lampropeltis calligaster is a species of kingsnake known commonly as the prairie kingsnake or yellow-bellied kingsnake. Prairie kingsnakes are found across 13 states in the midwestern and southern United States.
Lampropeltis getula,"Lampropeltis getula, commonly known as the eastern kingsnake, the common kingsnake, and the chain kingsnake, is a species of harmless snake in the subfamily Colubrinae of the family Colubridae. The species is native to the southeastern United States. It has long been a favorite among collectors.  Four  subspecies are recognized as being valid, including the nominate subspecies described here. All of these taxa had originally been described as distinct species and recognized as such for more than a century. Adult specimens of the speckled kingsnake, Lampropeltis getula holbrooki, are the smallest race at 91.5 cm (36.0 in) in snout-to-vent length (SVL) on average, while L. g. getula is the largest subspecies at 107 cm (42 in) SVL on average. Specimens up to 208.2 cm (82.0 in) in total length (including tail) have been recorded. Weight can vary from 285 g (10.1 oz) in a small specimen of 87.2 cm (34.3 in) in total length, to 2,268 g (80.0 oz) in large specimens, of over 153 cm (60 in) in total length."
Lampropeltis pyromelana,"Lampropeltis pyromelana, the Sonoran mountain kingsnake or Arizona mountain kingsnake, is a species of snake native to the southwestern United States. It can grow up to 36 inches (910 mm) in length. Within Arizona, L. pyromelana has a discontinuous range extending from the extreme northwestern corner of the state, across the central mountain ranges and the Mogollon Rim, into the ""sky island"" mountain ranges of the southeast. They can be found at elevations ranging from 3,000–9,000 feet (910–2,740 m) in a variety of habitats from chaparral to conifer forests, often near streams or springs and associated with juniper woodland."
Lampropeltis triangulum,"24 subspecies, see text The milk snake or milksnake (Lampropeltis triangulum), is a species of kingsnake; there were once up to 24 subspecies recognized, however fewer are officially recognized today. Lampropeltis elapsoides, the scarlet kingsnake, was formerly classified as a 25th subspecies (L. t. elapsoides), but is now recognized as a distinct species. The previously delineated subspecies have strikingly different appearances, and many of them have their own common names. Morphological and genetic data suggest that this species could be split into several separate species, and it has been by several authorities. Lampropeltis gentilis, Lampropeltis annulata, Lampropeltis abnorma, Lampropeltis polyzona, and Lampropeltis micropholis have been elevated to the species level. Milksnakes are not venomous."
Lampropeltis zonata,"The California mountain kingsnake (Lampropeltis zonata) is a species of nonvenomous colubrid snake that is endemic to North America. It is a coral snake mimic, having a similar pattern consisting of red, black, and yellow on its body, but the snake is completely harmless. Seven subspecies are recognized, with five found in the U.S., including the nominotypical subspecies, and two in Mexico. The California mountain kingsnake is endemic to western North America. It ranges from extreme southern Washington state, where it has a disjunct population, through Oregon and California, to northern Baja California. The majority of its range lies within the state of California, which is the reason for its common name."
Laticauda colubrina,No description found
Leptodeira annulata,"Leptodeira annulata, also known commonly as the banded cat-eyed snake, is a species of mildly venomous, rear-fanged, snake in the subfamily Dipsadinae of the family Colubridae. The species is endemic to the New World. Additional common names for L. annulata include: cat-eyed night snake, come sapo, culebra de pantano, culebra destenida, machete savane, mapana de agua, mapana tigre, and ranera."
Leptophis ahaetulla,"Leptophis ahaetulla, commonly known as the lora or parrot snake, is a species of medium-sized slender snake of the family Colubridae. The species is native to Central America and northern South America. In Central America L. ahaetulla is found in  Belize, Costa Rica, El Salvador, Guatemala, Honduras, southern Mexico, Nicaragua, and Panama.
In South America it is found in  Argentina, Bolivia, Brazil, Colombia, Ecuador, French Guiana, Paraguay, Peru, Trinidad and Tobago, Uruguay, and Venezuela."
Leptophis diplotropis,"Leptophis diplotropis, commonly known as the Pacific Coast parrot snake, is a species of snake in the family Colubridae. The species is endemic to Mexico. The geographic range of L. diplotropis in Mexico extends from southwestern Chihuahua and southern Sonora to southeastern Oaxaca."
Leptophis mexicanus,"Leptophis mexicanus, commonly known as the Mexican parrot snake, is a species of medium-sized slender snake in the family Colubridae. The species is endemic to the Americas. L. mexicanus can be found in southern Mexico and Central America, in Guatemala, Belize, Honduras, El Salvador, Nicaragua, and Costa Rica."
Lycodon capucinus,"Lycodon capucinus, also known as the common wolf snake, is a species of colubrid snake commonly found in the Indo-Australian Archipelago. The species is named after the enlarged front teeth which give them a muzzled appearance similar to canines and makes the snout somewhat more squarish than other snakes. A slender-bodied small snake that ranges from barely three feet to less than one meter. Most wild-caught specimens usually reach less than these lengths. Coloration is adapted for life underground and on the forest floor. Shades of jet black, reddish-brown or dark gray with speckles, blotches and spots of white or pale yellow scattered over the body are its usual colors. There is also a distinct white coloration around its neck. Their color patterns vary from one geographic location to another. There are albino-colored ones which are very rare among this snake species. The snout is duck-bill-shaped for digging in soft or sandy ground, with enlarged front teeth. This species is relatively benign (not harmful) to humans."
Malpolon monspessulanus,"Malpolon monspessulanus, commonly known as the Montpellier snake, is a species of mildly venomous rear-fanged snake. It is very common in Spain, Portugal and Northwest Africa, being also present in the southern Mediterranean coast of France and the western regions of the Middle East. The snake's specific name, monspessulanus,  is a Latinized form of Montpellier, a city in southern France."
Masticophis bilineatus,"Masticophis bilineatus, the Sonoran whip snake, is a species of snake found in the United States and Mexico."
Masticophis lateralis,"The California whipsnake (Masticophis lateralis), also known as the striped racer, is a colubrid snake found in habitats of the coast, desert, and foothills of California. As with many species and subspecies, taxonomic reclassification is an ongoing process, and differing sources often disagree.  The genus Masticophis may soon be absorbed by the closely related genus Coluber, which contains the racer (Coluber constrictor)."
Masticophis schotti,"Masticophis schotti, commonly known as Schott's whip snake, is a species of snake in the family Colubridae. The species is found in United States in Texas and in western Mexico. It lives up to an altitude of 2300 meters."
Masticophis taeniatus,The striped whipsnake (Masticophis taeniatus) is a species of nonvenomous snake in the family Colubridae. It is closely related to the California whipsnake (Masticophis lateralis). The striped whipsnake is native to the western United States and adjacent northern Mexico.
Micrurus fulvius,"Micrurus fulvius, commonly known as the eastern coral snake, common coral snake, American cobra, and more, is a species of highly venomous coral snake in the family Elapidae that is endemic to the southeastern United States. The family also contains the cobras and sea snakes. Its appearance is sometimes confused with that of the scarlet snake (Cemophora coccinea) or scarlet kingsnake (Lampropeltis elapsoides), which are nonvenomous mimics. No subspecies are currently recognized. Although the International Union for the Conservation of Nature (IUCN) listed M. fulvius as ""Least Concern"" in 2007 based on its total global population size (Hammerson, 2007), it is of significant conservation concern at the local level throughout most of its range; it is listed as Endangered in North Carolina (North Carolina Wildlife Resources Commission, 2014), Imperiled in South Carolina (South Carolina Department of Natural Resources, 2014), and of Highest Conservation Concern in Alabama (Outdoor Alabama, 2017)."
Micrurus tener,"Micrurus tener, commonly known as the Texas coral snake, is a species of snake in the family Elapidae. It is native to the southern United States and adjacent northeastern and central Mexico. Six subspecies are recognized as being valid, including the nominotypical subspecies, Micrurus tener tener The species Micrurus tener was once considered to be a subspecies of the eastern coral snake (Micrurus fulvius). The Texas coral snake ranges from the southern United States south to northeastern and central Mexico. It inhabits the states of Texas, Louisiana and Arkansas, and the Mexican states of Tamaulipas, San Luis Potosí, Guanajuato, Querétaro and Morelos."
Morelia spilota,"Morelia spilota, commonly known as the carpet python, is a large snake of the family Pythonidae found in Australia, New Guinea (Indonesia and Papua New Guinea), Bismarck Archipelago, and the northern Solomon Islands. Many subspecies are recognised; ITIS lists six, the Reptile Database six, and the IUCN eight. M. spilota is a large species of python in the genus, reaching between 2 and 4 m (6.6 and 13.1 ft) in length and weighing up to 15 kg (33 lb). M. s. mcdowelli is the largest subspecies, regularly attaining lengths of 2.7–3.0 m (8.9–9.8 ft). M. s. variegata is the smallest subspecies, typically 120–180 cm (3.9–5.9 ft) in length. The average adult length is roughly 2 m (6.6 ft). However, one 3-year-old captive male M. s. mcdowelli, measured in Ireland, was found to exceed 396 cm (12.99 ft). Males are typically smaller than females; in some regions, females are up to four times heavier. The head is triangular with a conspicuous row of thermoreceptive labial pits."
Morelia viridis,"The green tree python (Morelia viridis), is a species of snake in the family Pythonidae. The species is native to New Guinea, some islands in Indonesia, and the Cape York Peninsula in Australia. First described by Hermann Schlegel in 1872, it was known for many years as Chondropython viridis. As its common name suggests, it is a bright green snake that can reach a total length (including tail) of 2 m (6.6 ft) and a weight of 1.6 kg (3.5 lb), with females slightly larger and heavier than males. Living generally in trees, the green tree python mainly hunts and eats small reptiles and mammals. It is a popular pet, and numbers in the wild have suffered with large-scale smuggling of wild-caught green tree pythons in Indonesia. Despite this, the green tree python is rated as least concern on the IUCN Red List of endangered species. German naturalist Hermann Schlegel described the green tree python in 1872 as Python viridis, from two specimens collected in the Aru Islands of Indonesia. His countryman Adolf Bernhard Meyer erected the genus Chondropython (though recognised similarity to Morelia) and described the green tree python as Chondropython azureus in 1874, from a specimen collected in ""Kordo"", later determined to be Korido on Biak Island. This was destroyed in World War II. French naturalist Henri Émile Sauvage described Chondropython pulcher from a specimen from Mansinam Island, Irian Jaya."
Naja atra,"The Chinese cobra (Naja atra), also called the Taiwan cobra, is a species of cobra in the family Elapidae, found mostly in southern China and a couple of neighboring nations and islands. It is one of the most prevalent venomous snakes in China, which has caused many snakebite incidents to humans. Naja atra was first described by Danish physician, zoologist, and botanist Theodore Edward Cantor in 1842. The generic name naja is a Latinisation of the Sanskrit word nāgá (नाग) meaning ""cobra"". The specific epithet atra comes from the Latin term ater, which means ""dark"", ""black"", or ""gloomy""."
Naja naja,"The Indian cobra (Naja naja /nadʒa nadʒa/), also known commonly as the spectacled cobra, Asian cobra, or binocellate cobra, is a species of cobra, a venomous snake in the family Elapidae. The species is native to the Indian subcontinent, and is a member of the ""Big Four"" species that are responsible for the most snakebite cases in Sri Lanka and India. The Indian cobra is revered in Hindu mythology and culture, and is often seen with snake charmers. It is a protected species under the Indian Wildlife Protection Act (1972)."
Naja nivea,"The Cape cobra (Naja nivea), also called the yellow cobra, is a moderate-sized, highly venomous species of cobra inhabiting a wide variety of biomes across southern Africa, including arid savanna, fynbos, bushveld, desert, and semidesert regions. The species is diurnal and is a feeding generalist, preying on a number of different species and carrion. Predators of this species include birds of prey, honey badgers, and various species of mongooses. The Cape cobra is also known as the geelslang (yellow snake) and bruinkapel (brown cobra) in South Africa. Afrikaans-speaking South Africans also refer to the Cape cobra as koperkapel (copper cobra), mainly because of a rich yellow colour variation. This species has no known subspecies."
Natrix maura,"The viperine water snake or viperine snake (Natrix maura) is a semiaquatic, fish-eating natricine water snake. Despite its common names, it is not a member of the subfamily Viperinae. It was given its common names due to exhibiting a dorsal colour pattern that superficially resembles that of sympatric adder species. In comparison to other Natrix species its head is also somewhat wider and more distinct from the neck. Like most members of the Natricinae it possesses a venom gland on each side of the upper jaw (Duvernoy's gland) that produces a mild venom that may play a role in swallowing or digestion. The gland is not associated with an enlarged specialized tooth and the venom has to be applied by chewing. The species usually does not bite as a means of defense, and the effect of a bite would be harmless to humans. The viperine snake looks like an adder and occasionally behaves like one. It is known to strike like an adder, but not to bite. It spends most of its time in water hunting fish, frogs and other aquatic animals. The species is diurnal."
Nerodia cyclopion,"The green water snake (Nerodia cyclopion) is a common species of nonvenomous natricine snake endemic to the southeastern United States. N. cyclopion is distributed from the Florida panhandle westward to Louisiana, and northward through the Mississippi Valley into southern Illinois."
Nerodia floridana,"Nerodia floridana, commonly known as the Florida green watersnake, or eastern green watersnake,  is a harmless species of snake in the subfamily Natricinae of the family Colubridae. The species is native to the southeastern United States. N. floridana is the largest watersnake in North America. Fully grown it will typically reach 76–140 cm (30–55 in) in total length (including tail), with the record-sized specimen having measured 188 cm (74 in) in total length. Its coloration is solid grey or greenish-brownish with a white or yellow belly in adults, which darkens in color under the tail. Encircling the lower half of the eye is a row of scales, which is separate from the upper lip scales. Among all southeastern U.S. snakes, only the green water snake has this feature. Juveniles have typically, about 50 dark crossbars on the dorsum and on the sides, which fade gradually with age."
Nerodia taxispilota,"The brown water snake (Nerodia taxispilota) is a large species of nonvenomous natricine snake endemic to the southeastern United States. This snake is often one of the most abundant species of snakes found in rivers and streams of the southeastern United States, yet many aspects of its natural history are poorly known. Due to abundance and distribution throughout its biological range, this species could be used to investigate anthropogenic impacts on aquatic ecosystems by studying their movements. Lycodonomorphus rufulus is sometimes also called the brown water snake, but L. rufulus is found in South Africa."
Ninia sebae,"Ninia sebae, commonly known as the redback coffee snake or the red coffee snake, is a species of small terrestrial snake in the family Colubridae. The species is native to southeastern Mexico and Central America south to Costa Rica. Although it resembles some venomous coral snakes in color and size, it is not venomous and rarely bites humans. The specific name, sebae, is in honor of Dutch naturalist Albertus Seba."
Opheodrys aestivus,"Opheodrys aestivus, commonly known as the rough green snake, is a nonvenomous North American snake in the colubrid family. It is sometimes called grass snake or green grass snake, but these names are more commonly applied to the smooth green snake (Opheodrys vernalis). The European colubrid called grass snake (Natrix natrix) is not closely related. The rough green snake is docile, often allowing close approach by humans, and rarely bites. Even when bites occur, they have no venom and are harmless. The rough green snake (Opheodrys aestivus) is bright green above and has a yellowish belly, affording it excellent camouflage in green vegetation and making them difficult to see in the wild even though they are relatively common in their habitat. It has keeled dorsal scales, which are arranged in 17 rows at mid-body. It grows up to 116 cm (45+3⁄4 in) in total length (including tail) and is very thin."
Ophiophagus hannah,No description found
Oxybelis aeneus,"Oxybelis aeneus, commonly known as the Mexican vine snake or brown vine snake, is a species of colubrid snake, which is endemic to the Americas. Oxybelis aeneus is found from within the Atascosa, Patagonia, and Pajarito mountains of southern Arizona in the United States, through Mexico, to northern South America and Trinidad and Tobago."
Oxyuranus scutellatus,"The coastal taipan (Oxyuranus scutellatus), or common taipan, is a species of extremely venomous snake in the family Elapidae. Described by Wilhelm Peters in 1867, the species is native to the coastal regions of northern and eastern Australia and the island of New Guinea. The second-longest venomous snake in Australia, the coastal taipan averages around 2.0 m (6.6 ft) long, with the longest specimens reaching 2.9 m (9.5 ft) in length. It has light olive or reddish-brown upperparts, with paler underparts. The snake is considered to be a least-concern species according to the International Union for Conservation of Nature."
Phyllorhynchus decurtatus,"Phyllorhynchus decurtatus, the spotted leafnose snake, is a species of snake in the family Colubridae. The snake is found in the United States and Mexico. Phyllorhynchus decurtatus is a small snake ranging from around 150–450 mm (5.9–17.7 in) in length. The dorsal half of its body varies in color but is generally light brown, with some individuals appearing more cream, pink, or grey colored. Its patterning consists of dark, irregular blotches down the length of its back, and the amount of spots varies between individuals and populations. Markings come in various shades of brown, and are darker along their borders.  The amount of blotches on the body range from 18 to 60, and the amount on the tail ranges from 2-15. This species has a dark band running across both of the eyes, which have vertical pupils. It also has a large rostral scale, hence the common name leafnose snake."
Pituophis catenifer,"Pituophis catenifer is a species of nonvenomous colubrid snake endemic to North America. Nine subspecies are currently recognized, including the nominotypical subspecies, P. c. catenifer, described here. This snake is often mistaken for the prairie rattlesnake (Crotalus viridus), but can be easily distinguished from a rattlesnake by the lack of a tail rattle, no black-and-white banding on its tail, and the shape of its head, which is narrower than a rattlesnake's. Additionally, rattlesnakes (and indeed most vipers) possess a large venom gland located behind each eye, giving their heads a much rounder, more angular shape, as opposed to the more cylindrical, slender head shape of a gopher snake or other colubrid. The specific name, catenifer, is Latin for ""chain-bearing"", referring to the dorsal color pattern."
Pituophis deppei,"Pituophis deppei, commonly known as the Mexican bullsnake and the Mexican pine snake, is a species of nonvenomous colubrid snake endemic to Mexico. There are two recognized subspecies. The specific name, deppei, is in honor of German artist Ferdinand Deppe, who collected natural history specimens in Mexico."
Protobothrops mucrosquamatus,"Protobothrops mucrosquamatus is a pit viper species endemic to Asia. Common names include: brown-spotted pit viper, Taiwanese habu and pointed-scaled pit viper. No subspecies are currently recognized. The species was first described by Theodore Cantor in 1839. Males grow to a maximum total length of 112 cm (44 in) with a tail length of 19.5 cm (7.7 in). Females grow to a maximum total length of 116 cm (46 in) with a tail length of 20.5 cm (8.1 in)."
Psammodynastes pulverulentus,"Psammodynastes pulverulentus, the common mock viper, is a species of snake native to Asia. It is a small snake (total length up to 65 cm (26 in), less in males), and it will form defensive coils and strike in a viper-like fashion when threatened, although it is harmless to humans."
Pseudaspis cana,"The mole snake (Pseudaspis cana) is a species of snake. It has been placed in the family Lamprophiidae, and more recently in the family Pseudaspididae, along with the genus Pythonodipsas. It is native to much of southern Africa, and is the only member of the genus Pseudaspis. A study showed that P. cana is caught and consumed by the honey badger, among other species. Remains of the mole snake were found in the faeces, and suggest the consumed individuals were larger specimens. P. cana was originally described by Carl Linnaeus in his landmark 1758 10th edition of Systema Naturae. Its original binomial name was Coluber cana. Since then, it has also been called Coronella cana by André Marie Constant Duméril, Gabriel Bibron and Auguste Duméril in 1854, before being reclassified as Pseudaspis cana by Edward Drinker Cope in 1864. P. cana is the only species in genus Pseudaspis. The genus has been placed in the family Lamprophiidae. More recently it has been placed in the family Pseudaspididae, along with the genera Buhoma and Pythonodipsas, although a 2019 study concluded that the status of Pseudaspididae ""deserves to be viewed with caution"", and Buhoma may not belong in the family."
Pseudechis australis,No description found
Pseudechis porphyriacus,No description found
Pseudonaja textilis,No description found
Python molurus,"The Indian python (Python molurus) is a large python species native to tropical and subtropical regions of the Indian subcontinent and Southeast Asia. It is also known by the common names black-tailed python, Indian rock python, and Asian rock python.  Although smaller than its close relative the Burmese python, it is still among the largest snakes in the world. It is generally lighter colored than the Burmese python and reaches usually 3 m (9 ft 10 in). Like all pythons, it is nonvenomous. The rock python's color pattern is whitish or yellowish with the blotched patterns varying from tan to dark brown shades. This varies with terrain and habitat. Specimens from the hill forests of Western Ghats and Assam are darker, while those from the Deccan Plateau and Eastern Ghats are usually lighter. All pythons are non-venomous."
Python regius,"The ball python (Python regius), also called the royal python, is a python species native to West and Central Africa, where it lives in grasslands, shrublands and open forests. This nonvenomous constrictor is the smallest of the African pythons, growing to a maximum length of 182 cm (72 in). The name ""ball python"" refers to its tendency to curl into a ball when stressed or frightened."
Regina septemvittata,"The queen snake (Regina septemvittata) is a species of nonvenomous semiaquatic snake, a member of the subfamily Natricinae of the family Colubridae. The species is endemic to North America. Regina septemvittata is known by many common names, including the following: banded water snake, brown queen snake, diamond-back water snake, leather snake, moon snake, North American seven-banded snake, olive water snake, pale snake, queen water snake, seven-striped water snake, striped water snake, three-striped water snake, willow snake, and yellow-bellied snake."
Rhabdophis subminiatus,"Rhabdophis subminiatus, commonly called the red-necked keelback or red-necked keelback snake, is a species of venomous snake in the subfamily Natricinae of the family Colubridae. Unusual for colubrids, it is venomous. The specific name subminiatus refers to the typical reddish coloration (""miniatus"" = ""scarlet, vermilion""), which may be limited to the neck, or more extensive (e.g., photo at left). The subspecific name, helleri, is in honor of American zoologist Edmund Heller."
Rhabdophis tigrinus,"Rhabdophis tigrinus, also known commonly as the tiger keelback, yamakagashi, or kkotbaem, is a species of venomous snake in the subfamily Natricinae of the family Colubridae. The species is native to East Asia and Southeast Asia. Many sources, though not ITIS, recognize one subspecies, Rhabdophis tigrinus formosanus of Taiwan. The dorsal color pattern of R. tigrinus is olive-drab green, with black and bright orange crossbars or spots from the neck down the first third of the body. The belly is whitish. The average total length (including tail) is usually 60–100 cm (24–39 in)."
Rhadinaea flavilata,"The pine woods snake (Rhadinaea flavilata), also commonly known as the yellow-lipped snake and the brown-headed snake, is a secretive species of snake in the subfamily Dipsadinae of the family Colubridae. The species is native to scattered locations across the  southeastern United States. Rhadinaea flavilata is rear-fanged and mildly venomous, but not dangerous to humans. Rhadinaea flavilata is a small reddish brown to yellowish brown or dark orange snake with a whitish to yellowish, unmarked underside. A dark stripe runs through the eye. A light stripe may be present along the middle of the back. The upper labial scales (lip scales) are a whitish or pale yellow color which led to one of its common names, the yellow-lipped snake."
Rhinocheilus lecontei,"The long-nosed snake (Rhinocheilus lecontei) is a species of nonvenomous snake in the family Colubridae. The species is endemic to North America. It has two recognized subspecies. The other species in the genus were previously considered subspecies. The specific name, lecontei, commemorates American entomologist John Lawrence Le Conte (1825–1883)."
Salvadora grahamiae,"Salvadora grahamiae, also known commonly as the eastern patch-nosed snake and the mountain patchnose snake, is a species of snake in the family Colubridae. The species is native to the southwestern United States and adjacent northeastern Mexico. The specific name, grahamiae, is in honor of Colonel James Duncan Graham, United States Army Corps of Topographical Engineers."
Salvadora hexalepis,"Salvadora hexalepis, the western patch-nosed snake, is a species of non-venomous colubrid snake, which is endemic to the southwestern United States and northern Mexico. It is found in the southwestern United States in the states of Arizona, southern California, Nevada, southern New Mexico, and southwestern Texas.  It is also found in northern Mexico in the Mexican states of Baja California, Baja California Sur, Chihuahua, Sinaloa, and Sonora."
Senticolis triaspis,"Senticolis is a genus of nonvenomous snake in the family Colubridae. The genus Senticolis is monotypic, containing the sole species Senticolis triaspis, also known as the green rat snake. The species is endemic to Central America, Mexico, southern Arizona, and southern New Mexico."
Sistrurus catenatus,"The eastern massasauga (Sistrurus catenatus) is a species of rattlesnake found in eastern North America, from southern Ontario, Canada, eastern regions of the Midwestern states, and parts of the Great Lakes region in the United States. Like all rattlesnakes, it is a pit viper and is venomous; it is the only species of venomous snake in Ontario. Three subspecies of Sistrurus catenatus were recognized for more than a century, although research published in 2011 elevated two subspecies Sistrurus catenatus catenatus and Sistrurus catenatus tergeminus, to full species: the eastern massasauga (Sistrurus catenatus) and the western massasauga (Sistrurus tergeminus). The status of the third subspecies was somewhat unresolved and it is tentatively recognized as the desert massasauga (Sistrurus tergeminus edwardsii) by some, or synonymized with the western massasauga (Sistrurus tergeminus) by others. It is currently thought that eastern massassauga is monotypic, i.e., has no recognized subspecies."
Sistrurus miliarius,"Sistrurus miliarius, commonly called the pygmy rattlesnake, is a species of venomous snake in the subfamily Crotalinae (pit vipers) of the family Viperidae. The species is endemic to the Southeastern United States. Three subspecies are currently recognized. Sistrurus miliarius is a small species, but bulky in width, with adults usually growing to 40–60 cm (16–24 in) in total length (including tail). It is the smallest species of rattlesnake on the North American continent. The maximum reported total length is 78.8 cm (31.0 in) (Klauber, 1972). Snellings and Collins (1997) reported a specimen of S. m. barbouri measuring 80.3 cm (31.6 in), but it had been in captivity for over 12 years. The largest S. m. barbouri reported by Gloyd (1940) was a specimen measuring 63.8 cm (25.1 in) from St. Petersburg, Florida. Shine (1978) suggested that in some populations, males may be larger than females, but a later study by Bishop et al. (1996) did not find sexual dimorphism of any kind in a population in Volusia County, Florida. It is currently theorized that the lack of sexual dimorphism in the species is due to the fact that both males and females experience selective pressures to be of a larger size."
Spilotes pullatus,"Spilotes pullatus, commonly known as the chicken snake, tropical chicken snake, or yellow rat snake, is a species of large nonvenomous colubrid snake endemic to the Neotropics. Including the nominotypical subspecies, the following five subspecies are recognized:"
Tantilla coronata,"The southeastern crown snake (Tantilla coronata) is a common species of small colubrid snake endemic to the southeastern United States. Tantilla coronata is a small, slender snake, greyish-brown or solid light brown in color. It has a black, pointed head with a yellowish or cream band between the head and the neck. This is followed by a black collar 3 to 5 scales wide. The remainder of the back  is reddish brown.  The belly is light pink or solid white.  It has smooth dorsal scales in 15 rows and a divided anal plate. Adults average 20–25 cm (8-10 inches) in total length."
Tantilla gracilis,"Tantilla gracilis (flathead snake) is a species of snake of the family Colubridae. The snake is found in the US states of Missouri, Texas, Kansas, Illinois, Oklahoma, Louisiana and Arkansas and in Mexico. The flathead snake is a small snake with adults growing to 18–20 cm (7–8 in). 
They feed on arthropods such as centipedes."
Tantilla hobartsmithi,"Tantilla hobartsmithi, commonly known as Smith's black-headed snake and the southwestern blackhead snake, is a species of small snake in the subfamily Colubrinae of the family Colubridae. The species is native to the southwestern United States and adjacent northern Mexico. The specific name or epithet, hobartsmithi, is in honor of American zoologist and herpetologist Hobart M. Smith (1912–2013)."
Tantilla planiceps,"The western black-headed snake (Tantilla planiceps), also known as the California black-headed snake, is a snake species endemic to the Californias (the U.S. State of California and the Baja California Peninsula in Mexico), as north as the San Francisco Bay and as far east as western Utah, and Texas. It lives in mostly moist pockets in mostly arid or semiarid environments and spends much of its life underground. It has a flattened head as most crevice-dwellers and is seven to fifteen inches in size. It is brown, slender, olive-gray, with a black head bordered by a white collar. Its habitat is often in woodland, desert areas, grassland and along arroyos in areas that are wet in a usually dry region. The western black-headed snake is a member of a larger natural group of small New World terrestrial colubrids, where some of the related species include sand snake (Chilomeniscus), shovel-nosed snake (Chionactis), and the ground snake (Sonora). The western black-headed snake is the sister species of Tantilla yaquia of southern Arizona. They are also related to Tantilla gracilis, Tantilla atriceps, Tantilla hobartsmithi and Tantilla nigriceps, all species endemic to the southwestern United States. It is visually similar to the southwestern black-headed snake (T. hobartsmithi). Although they usually appear singly or in pairs, as many as six individual snakes have been observed together. They prey on arthropods, particularly centipedes and beetle larvae, as well as spiders, insects, slugs, and earthworms. They are highly secretive and rarely seen, spending much time under objects, especially during daytime."
Thamnophis atratus,"Eutaenia atrata Kennicott, 1860 The aquatic garter snake (Thamnophis atratus) is a species of colubrid snake. Three subspecies are currently recognized."
Thamnophis couchii,"Thamnophis couchii, commonly known as Couch's garter snake, the Sierra garter snake, or the western aquatic garter snake, is a highly aquatic species of snake in the family Colubridae. The species is endemic to the western United States, specifically the Sierra Nevada mountain range. The specific name couchii is in honor of Darius Nash Couch, a U.S. Army officer and naturalist who collected specimens during the Mexican-American War and subsequent expeditions."
Thamnophis cyrtopsis,"Thamnophis cyrtopsis, the blackneck garter snake, is a species of garter snake of the genus Thamnophis. It is native to the southwestern United States, Mexico and Guatemala, and can be found in a wide range of different habitats, often near water sources. There are three recognized subspecies of the blackneck garter snake, two of which, Thamnophis cyrtopsis cyrtopsis and Thamnophis cyrtopsis ocellatus, are described below."
Thamnophis marcianus,"The checkered garter snake (Thamnophis marcianus) is a species of garter snake in the subfamily Natricinae of the family Colubridae. The species is native to the southwestern United States, Mexico, and Central America. There are two recognized subspecies. The specific epithet marcianus is in honor of American Brigadier General Randolph B. Marcy, who led surveying expeditions to the frontier areas in the mid-19th century."
Thamnophis ordinoides,"The northwestern garter snake (Thamnophis ordinoides) is a species of snake in the family Colubridae. The species is endemic to North America. In the United States, T. ordinoides is found in California, Oregon, and Washington; in Canada, it is found in British Columbia."
Thamnophis proximus,"Thamnophis proximus, commonly known as the western ribbon snake or western ribbonsnake, is a species of garter snake in the subfamily Natricinae of the family Colubridae. The species is found in the central and southern United States, Mexico, and Central America south to central Costa Rica. The species has six recognized subspecies. T. proximus is a slender snake with a very long tail, approximately one-third of the total length of the body. Dorsally, T. proximus is blackish, brown, or olive with three light-colored stripes. Ventrally, it is greenish-white or yellowish-white. The upper labials are whitish and unmarked, contrasting with the dark top and sides of the head. The specific name, proximus, describes the species' similarity to T. saurita."
Thamnophis radix,"The plains garter snake (Thamnophis radix) is a species of garter snake native to most of the central United States as far north as Canada and as far south as Texas. It has a distinctive orange or yellow stripe from its head to tail, and the rest of its body is mainly a gray-green color. The snake is commonly found living near water sources such as streams and ponds, but can also be found in urban areas and vacant lots. Although the IUCN lists the species as ""Least Concern"", some states have given it their own special status. This species is mildly venomous, although the venom is not toxic to humans. The plains garter snake has either an orange or yellow stripe down its back and distinctive black bars on its lip. The stripe normally starts at the head and continues all the way to the tail tip. Lateral stripes are located on the third and fourth scale rows and are normally a greenish-yellow color. Its belly is gray-green with small dark spots along the edges. Most have distinctive light yellow spots on the top of the head. The snake is described as medium-sized and is on average around 3 ft (0.91 m)."
Trimeresurus stejnegeri,"Trimeresurus stejnegeri  is a species of venomous pit viper endemic to Asia. Two subspecies are currently recognized, including the nominate subspecies described here. Common names for this pit viper include Stejneger's pit viper, Chinese pit viper, Chinese green tree viper, bamboo viper, Chinese bamboo pitviper, 69 bamboo viper, and Chinese tree viper. For other common, non-scientific names, see § Common names below."
Tropidoclonion lineatum,"Tropidoclonion is a genus of snake in the subfamily Natricinae of the family Colubridae. The genus is monotypic, containing the sole species Tropidoclonion lineatum, commonly known as the lined snake. The species is native to the central United States. Additional common names for Tropidoclonion lineatum include common snake, dwarf garter snake, grass snake, line snake, ribbon snake, streaked snake, striped snake, and swamp snake."
Tropidolaemus subannulatus,"The Bornean keeled green pit viper or North Philippine temple pit viper (Tropidolaemus subannulatus) is a pit viper species native to Brunei, Indonesia, Malaysia, and the Philippines. Until 2007, this species was considered part of the Tropidolaemus wagleri species complex. The Borneo Keeled Green Pit Viper can have a range of colors but generally it is bright green with numerous thin crossbands. Some localities have a mixture of light green to blue background colors. The bands are variable and can be a combination of blue, red or white.  Females may have blue or red dots on their underbelly, while juveniles and males only have red dots. Females are much larger than males and can grow to a maximum size of 96 cm, while males can reach a size of 46 cm. This species is one of the most common species encountered in the lowland rainforests of Borneo.  It is known to eat birds, small mammals and frogs. It is ovoviparous and gives birth to live young."
Tropidolaemus wagleri,"Tropidolaemus wagleri, more commonly known as Wagler's pit viper, is a species of venomous snake, a pit viper in the subfamily Crotalinae of the family Viperidae. The species is endemic to Southeast Asia. There are no subspecies that are recognized as being valid. It is sometimes referred to as the temple viper because of its abundance around the Temple of the Azure Cloud in Malaysia. The specific name, wagleri, is in honour of German herpetologist Johann Georg Wagler."
Vipera ammodytes,"Vipera ammodytes, commonly known as horned viper, long-nosed viper, nose-horned viper, and sand viper, is a species of viper found in northern Italy, the Balkans, and parts of Asia Minor. Like all other vipers, it is venomous. It is reputed to be the most dangerous of the European vipers due to its large size, long fangs (up to 13 mm) and high venom toxicity. The specific name, ammodytes, is derived from the Greek words ammos, meaning ""sand"", and dutes, meaning ""burrower"" or ""diver"", despite its preference for rocky habitats. Five subspecies are currently recognized, including the nominate subspecies described here. V. ammodytes grows to an average total length (snout-tail) of 85 cm (33.5 in), although individuals usually measure less than 75 cm (29.5 in). Maximum length also depends on locality, with northern forms distinctly larger than southern ones. In one field study on Golem Grad island (in North Macedonia), for example, females averaged 35 cm., and males at 37 cm.; the largest captured during the study was a male, at 66 cm. long. This indicates some degree of regional or insular dwarfism."
Vipera aspis,"Vipera aspis is a viper species found in southwestern Europe. 
Its common names include asp, asp viper, European asp, and aspic viper, among others. Like all other vipers, it is venomous. Bites from this species can be more severe than from the European adder, V. berus; not only can they be very painful, but approximately 4% of all untreated bites are fatal. The specific epithet, aspis, is a Greek word that means ""viper."" Five subspecies are currently recognized, including the nominate subspecies described here. The species grows to an average total length of 60–65 centimetres (24–26 in). Males reach a maximum total length of 85 cm (33 in), females rarely more than 75 cm (30 in). Males, however, are a little slimmer than females. The tail is very short: one-seventh to one-ninth of total body length in females, and one-sixth to one-eighth in males."
Vipera seoanei,"Vipera seoanei is a venomous viper species native to extreme southwestern France and the northern regions of Spain and Portugal. Two subspecies are recognized as being valid, including the nominate race described here. The specific name, seoanei, is in honor of Spanish naturalist Víctor López Seoane y Pardo-Montenegro."
Virginia valeriae,"The smooth earth snake (Virginia valeriae) is a species of nonvenomous natricine colubrid snake native to the eastern half of the United States. The specific name or epithet, valeriae, is in honor of Valeria Biddle Blaney (1828–1900), who collected the first specimen in Kent County, Maryland, and was a first cousin of Spencer Fullerton Baird."
Xenochrophis piscator,"The checkered keelback (Fowlea piscator), also known commonly as the Asiatic water snake, is a common species in the subfamily Natricinae of the family Colubridae. The species is endemic to Asia. It is non-venomous. The eye of F. piscator is rather small and shorter than its distance from the nostril in the adult. Its rostral scale is visible from above. The internasal scales are much narrowed anteriorly and subtriangular, with the anterior angle truncated and as long as the prefrontal scales. The frontal scale is longer than its distance from the end of the snout, and as long as the parietals or a little shorter. The loreal is nearly as long as it is deep. There are one preocular and three (rarely four) post-oculars. Its temporals are 2+2 or 2+3. There are normally nine upper labials, with the fourth and fifth entering the eye; and five lower labials in contact with the anterior chin-shields, which are shorter than the posterior. The dorsal scales are arranged in 19 rows, strongly keeled, with outer rows smooth. The ventrals number 125–158, the anal is divided, and the subcaudals number 64–90. Coloration is very variable, consisting of dark spots arranged quincuncially and often separated by a whitish network, or of black longitudinal bands on a pale ground, or of dark crossbands, with or without whitish spots. Two oblique black streaks, one below and the other behind the eye, are nearly constant. The lower parts are white, with or without black margins to the shields."